Site Name,Theme
https://24-7security.co.za,Divi
http://callcabinet.com/,Custom
https://www.gep.co.za/,Custom Theme
http://www.samint.co.za/,Enfold
https://www.selectafrica.net,Divi
http://ppsha.co.za/,Divi
https://primeafricanlife.co.za/,Divi
http://financialfitnessportfolios.co.za/,Divi
https://intranet.gep.co.za/,Divi
http://asstgroup.com/,Divi
http://crossfire.co.za/,Divi
https://drbraun.co.za/,Divi
https://drufftest.co.za/emgaging,Divi
http://wilkenmotorsport.co.za/,Divi
http://sunspray.co.za/,Divi
https://mteplanthire.co.za/,Divi
https://primeafrican.co.za/,Divi
https://safemining.co.za/,Divi
https://www.businessprint.co.za/,Divi
https://almacars.co.za/,Car Dealer/Elementor
https://abyx.co.za/,Divi
qrcode.co.za,engitech
https://adlibio.co.za/,Divi
https://aimachines.co.za/,Divi
https://saccawu.org.za/,Divi
https://k5heavy.co.za/,Divi
https://ccs.equipment/,Divi
https://bushwagamereserve.co.za/,Divi
https://nahakconsulting.com/,Divi
https://moutaisouthafrica.co.za/,Divi
https://www.fullhouseevents.co.za/,Divi
https://vpnt.co.za/,Divi
https://interlockembroidery.co.za/,Divi
http://acumate.co.za/,Divi
https://vaalsez.co.za/,Divi
https://amkaintranet.co.za/,Divi
http://mbuyelointranet.co.za/,Divi
https://24-7droneforce.co.za/,Divi
https://www.newconcept.co.za/,Divi
https://eqserv.co.za/,Divi
https://vitalvetting.co.za/,Divi
http://trackandfieldza.com/,Divi
https://kobenhofmeyrsevens.co.za/,Divi
https://drufftest.co.za/LebeaAssociatesAttorneys/,Divi
https://bolsbury.com/,Divi
https://drufftest.co.za/fieldservices/,Divi
https://barit.co.za/,Divi
https://drufftest.co.za/redcamel/,Divi
https://savika.co.za/,Divi
https://drufftest.co.za/ncpinternational/,Divi
https://caronphone.com/news/,Custom Theme
https://www.delhi.vu.edu.au/,Custom Theme
https://www.mumbai.bristol.ac.uk/,Custom Theme
https://www.mumbai.york.ac.uk/,Custom Theme
https://www.bengaluru.liverpool.ac.uk/,Custom Theme
